Temperature,Dissolved Oxygen,pH,Bio-Chemical Oxygen Demand (mg/L),Nitrate (mg/ L),Faecal Coliform (MPN/ 100 mL),Total Coliform (MPN/ 100 mL),Conductivity (mho/ Cm),WQI,Potability
7.5,9.95,7.85,0.15,0.255,22.5,18,134.5,27.1439627,B
11,9.65,7.7,0.45,0.2,62.5,41,77,15.78142,A
7.5,9.9,7.65,0.55,0.1,26,2,11.5,2.61243849,A
8.5,9.65,7.55,0.35,0.25,97.5,6,148,29.8247541,B
1,9.55,7.8,0.25,0.15,47.5,38,16,21.4985693,A
11,9.45,7.75,0.85,0.3,67,445,97.5,19.8571922,A
9.5,9.55,7.9,0.5,0.195,74.5,57,23.5,4.8496483,A
10.5,9.85,7.7,0.25,0.115,60,290,95.5,19.4269714,A
14.5,9.8,7.95,0.25,0.1,26.5,225,99,20.12740793,A
16.5,9.25,7.65,0.25,0.15,66,295,111.5,22.591965,A
19,8.9,8.2,0.25,0.12,37.5,240,162,32.58445704,B
14.5,8.65,8.05,0.15,0.15,22,200,116,23.46003155,A
16,9.65,8.05,0.4,0.47,190.5,970,163,32.85586861,B
12.25,9.75,8,0.3,0.9,4,104.5,234.5,46.99696266,B
11.25,9.65,7.8,0.3,0.94,4,98.5,206.4,41.43189217,B
14.25,10.25,7.7,0.25,0.7,4.05,105,249.5,49.9543681,B
13.75,8.85,7.54,0.25,0.68,4,119,150.5,30.32503834,B
12.65,8.7,7.625,0.3,0.685,21,109,220,44.07282563,B
16.55,8.2,7.9,0.2,0.3,2,40.5,211.5,42.35104235,B
17,8.2,8.1,0.15,0.55,3,48,216.5,43.36769579,B
16.1,8.05,7.9,0.2,0.45,4,95,217,43.44803537,B
17.55,8.65,7.6,0.2,0.6,4.5,104.5,248,49.606431,B
11.5,9.65,7.75,0.2,0.3,52.5,285,87.5,17.85655392,A
21.1,8.7,8,,0.5,2,2,214,48.6598,B
26,8.9,8,,0.5,2000,13000,215,43.4338253,B
20,7.75,7.6,1.05,0.25,38.5,82,209,41.88003135,B
21.5,8.15,7.85,1.2,0.35,86.5,179.5,252,50.42990031,C
21.5,8.2,7.7,1.2,0.25,68,120,260,51.99759477,C
21,7.95,8,1.35,0.55,292,480,255,51.0764992,C
20.5,7.6,7.75,1.55,0.7,375,675,275.5,55.14885741,C
20,7.9,7.55,1.35,0.65,300,435,295,58.98332696,C
20.5,8.3,7.75,1.3,0.55,357,555,256,51.28418977,C
20,7.8,7.8,1.3,0.8,220,420,254.5,50.97599825,C
19.5,8.3,7.7,1.2,0.45,172,375,253,50.64576214,C
23,8.15,7.7,1.2,0.7,230,375,261,52.26402829,C
9.5,8.85,7.9,0.9,0.75,55.9,823,1345,266.6444468,E
9.5,8.4,7.6,0.55,0.75,20.4,819.5,1339.5,265.5162229,E
11.25,8.6,7.55,0.6,0.785,105.9,847,1321,261.8833697,E
11.25,8.7,7.6,0.95,0.78,47.9,905,1293.5,256.4534562,E
12,8.65,7.75,0.95,0.87,35.9,860,1221,242.1234217,E
11.5,8.5,7.9,0.65,0.7,29,140.9,1330.5,263.7501467,E
11.5,8.5,7.7,0.7,0.75,48,355,1317,261.0846822,E
17,9.85,8.2,0.1,0.16,23,195,1174,286.425,E
16,9.8,7.85,0.45,0.255,22,250,680,135.0744788,E
12,7.65,7.85,0.25,0.58,19.4,85.9,1364.5,270.4221597,E
19.75,9.05,8.3,0.25,0.1,27.5,225,279,55.73279407,C
20,9.7,8.3,0.25,0.15,35,260,143.5,28.95514187,B
10.35,8.7,7.9,0.7,0.55,25.5,163,752.5,149.4100527,E
10.35,8.75,7.65,0.6,0.55,32,217,745,147.918346,E
17.5,8.45,7.85,,3.1,235,785,402,80.32884309,D
18,8.4,7.65,,2.05,141.5,490,303.5,60.72754744,C
18,8.4,7.7,,4.45,125.5,455,235.5,47.49825901,B
19,8.5,7.7,1,6.35,224.5,610,291,58.71409555,C
19,8.1,7.8,1.3,1.2,356.5,735,260,52.12827035,C
18,5.2,8,3.5,,,,405,80.65530859,D
18,6.45,8.25,5.1,0.65,,,420,83.7904557,D
20.5,6.8,8.15,2.75,0.2,,,265,53.00542019,C
11,8.5,7.6,0.2,,,,160,32.12328853,B
11,8.7,7.65,0.15,,,,159,41.2,B
11,8.8,7.5,0.2,,,,154.55,31.4368034,B
11,8.1,7.75,1,,,,105.5,21.36861159,A
19,6.4,7.35,6.85,1.15,198.5,,600,119.4908923,E
20.5,7.1,8.05,0.95,,,,297,59.24824206,C
6.15,9.05,7.75,0.8,,,,140,28.19991171,B
6.25,9,7.7,0.9,,,,165,33.14664087,B
6,9.05,7.5,1.05,,,,142.5,28.69777674,B
8.4,8.9,7.9,0.85,,20,,132,26.62460044,B
8.75,8.8,7.7,1.1,,,,132.5,26.72654007,B
10.7,7.85,7.95,0.85,,,,275,54.88771498,C
10.75,8,7.9,1.1,,,,315.5,62.91211418,C
12.65,9.05,7.65,0.95,,485,,230.5,46.12013687,B
13.05,8.3,7.55,1.35,,,,235,47.00388749,B
12.7,8.75,7.5,0.85,,,,212,42.4443376,B
17.95,8.15,7.9,0.55,0.1,,,249.5,49.86496502,B
18.1,7.9,8.1,0.75,0.1,,,251.5,50.26739165,C
23,6.1,8.1,6.9,0.45,,,629,125.1851635,E
22,7.05,8.2,1.8,0.3,,,263,52.5918607,C
20.5,4.3,8.35,4.7,0.3,,,462.5,92.09607813,D
20.5,7.8,8.4,1.3,0.55,,,245.5,49.1557458,B
21,7.25,8.3,1.15,0.2,,,271,54.14413883,C
19.8,4.4,7.8,36.8,2.2,468.5,823.5,875,175.2479749,E
21,8.35,7.8,1.4,5.6,399,1260,338,67.98878969,C
15,6.95,7.8,0.2,0.75,3.4,55.9,331.5,66.08791313,C
15,6.95,7.7,0.25,0.9,30.9,70.9,920.5,182.6119173,E
16.25,7,7.65,0.2,0.85,3.9,60.9,323.5,64.51526296,C
16,6.7,7.55,0.2,0.6,3.95,65.9,333.5,66.45844787,C
15.5,6.9,7.6,0.2,0.55,3.9,70.9,354,70.51457833,C
16.25,6.85,7.6,0.2,0.6,3.95,75.9,300.5,59.93709124,C
17.5,7.05,7.95,0.3,0.85,4,112,496,98.65303383,D
15,6.85,8.05,0.3,0.85,30.65,90.9,2425.5,480.3107947,E
12.5,9.2,7.85,0.7,1.2,9,810.5,2371,469.6335288,E
12.5,9.05,7.9,1.25,1.25,13.9,188,2933.5,580.9214901,E
12,8.85,7.9,2.45,1.45,20.5,283,4049,801.6342945,E
13.5,9.3,7.8,0.65,1.35,22.5,831.5,516.5,102.8237964,E
22,8.2,8.4,,,,,191,38.28569366,B
22,8.2,8.4,,,,,188,37.69228166,B
21.5,7.8,7.95,,,,,116,23.42605138,A
16,8.5,8.1,0.2,,,,119,24.0383712,A
22,8.6,8.35,0.1,,23.5,170,399.5,79.54591713,D
20.5,9.3,8.1,0.1,,19,144.5,417,83.01634625,D
20.3,7.35,7.9,0.95,0.4,15,116,275.5,55.0377458,C
18,6.25,7.95,1.2,0.8,9,39,636,126.3571787,E
,7.25,7.95,1.25,1.5,13.3,85.9,336,67.06925159,C
9.5,8,7.65,0.15,0.65,10.9,93,146.5,29.49669305,B
10.5,7.8,7.55,0.2,0.6,19.4,108,168.5,33.84120006,B
12.25,8.4,7.6,0.2,14.05,3,82,669.5,134.2080506,E
12.5,8.35,7.75,0.2,0.65,4,78,126.5,25.56123736,B
22,9.2,8.6,0.2,,,,172,34.56915634,B
19,8.3,7.5,0.2,0.4,2,63,184,36.91885784,B
19,8.1,7.2,0.3,0.5,2,70,172,34.54506929,B
15,8.2,7.3,0.2,0.2,,,228,45.58561532,B
18,7.25,7.7,1.55,4.15,17,176,1850,366.8395198,E
18,6.5,7.7,3.1,4.45,177,1260,3010,596.3896947,E
14.5,7.55,8.35,0.5,2.3,12,175.5,1697,336.3772544,E
20.75,7,7.65,0.15,0.2,3,62.5,443.5,88.19995658,D
19,10.1,7.75,1,,33,70,125.5,25.40520717,B
20.5,9.5,7.9,1.1,,90,195,354,70.60694292,C
19.5,9.6,7.95,1,,38,75,138,27.87086279,B
19,9,7.55,1.5,,145,240,202,40.53860027,B
18,9.3,7.85,1.1,,65,140,71.5,14.71055181,A
,8.6,7.55,1.55,,,,157.5,31.65983243,B
21.25,9,7.25,1.85,0.575,960,2020,210.5,42.41116878,B
21,9.4,7.05,1.35,0.55,605,1520,209.5,42.14178893,B
22.5,8.7,7.2,1.95,0.47,195,360,221,44.35737685,B
23.5,8.75,7.3,1.7,0.435,300,580,227,45.55328488,B
21.5,8.95,7.35,1.75,0.515,600,1115,227,45.61101961,B
20.5,10.1,7.5,1.7,0.585,220,355,453.5,90.39352772,D
24.5,8.55,8,2.15,,850.9,2200,221,44.4463526,B
24,8.5,8.15,2.9,,2000,3950,275,55.33546186,C
24,8.1,8.2,3.5,,2500,4900,283,57.00956125,C
24,8.35,8.35,3.35,,2400,4550,276.5,55.71279293,C
24,8.05,8.25,3.25,,2550,4850,285.5,57.50092172,C
24,8.05,8.25,3.1,,2650,4050,284,57.21038522,C
24,7.7,8.25,3.55,,3250,5800,299.5,60.37917248,C
24,7,8,4.5,,26000,45500,332.5,70.40799449,C
24,7.6,8.1,4.1,,14650,30500,305.5,63.34466957,C
22,8.8,8.3,3.45,0.82,3050,3600,329.5,66.37649074,C
22,8.95,8.2,3.4,0.8,2900,3550,331,66.64852417,C
27.4,9.75,8,2.65,1.445,9150,16700,207.5,43.24397498,B
27.55,9.2,8.15,2.95,1.575,9300,19000,209,43.58312865,B
27.7,9.15,8.1,2.7,1.61,8150,17700,259.5,53.38861996,C
27.75,9.35,7.95,2.35,1.52,6250,14500,261,53.37336961,C
24.25,8.2,8.3,2.65,0.69,1050,2000,410,81.94219374,D
24.4,7.55,8.35,3.6,1.07,9000,17500,430,87.18002609,D
24.25,7.85,5.35,3.35,0.945,6500,11000,424,85.51040771,D
25.75,8.6,8.25,2.5,0.18,1100,2250,438,87.4489261,D
25.75,7.2,8.3,3.8,0.275,17000,30000,460,94.26292934,D
26.5,7.9,8.4,3.4,0.23,8000,12500,447,90.30943886,D
24,7.85,8.15,3.6,,3850,8800,310,62.55775108,C
26.25,7.15,8.4,3.8,0.285,14000,26000,461.5,94.10673489,D
26,8.5,8,2.1,0.195,14225,81150,381,78.3341139,D
26,3.35,7.65,37.5,4.85,27023,80175,5730,1140.014968,E
23,1.75,7.65,24,10.4,2775,4870,1000,200.4888404,E
23,2.2,7.55,26.5,6.5,760,3075,1179.5,235.4424219,E
23.5,3.05,8.05,19.2,5.45,460.5,1070,1035.5,206.5483019,E
28.5,6.5,7.85,11.5,2.2,46110,80800,1110.5,227.8689238,E
,8.6,7.3,1,0.2,5400,16000,429,86.20106093,D
19,2.6,7.5,27.5,,,1600,579,115.9831121,E
25,5.2,7.35,4.05,,,,348,69.40261109,C
25,1.6,6.65,38,,,,452,91.2534771,D
21.5,4.4,7.45,8.4,,,,382.5,76.37790037,D
21.5,1.9,7.35,33,,,,503,101.1540233,E
25,5.6,7.6,7,,,,395,78.83886986,D
16,7.2,7.55,1.5,,,,220,44.01896463,B
25,4.6,7.3,7,,,,532,105.9018852,E
25,5.5,7.6,6.8,,,,398.5,79.52011846,D
21,5.1,7.7,7.9,,,,212.5,42.75577385,B
25,5,7.55,9.4,,,,377,75.35906678,D
24.5,3.9,7.05,14,,,,491.5,98.15180602,D
24.5,5,7.45,7,,,,430,85.73993545,D
24.5,8.15,8.3,5.15,,5800,12050,453,91.21976212,D
27.8,8.2,7.3,,0.5,2000,7800,175,35.47180709,B
28.2,8.3,7.4,,0.5,2000,13000,177,35.88973529,B
25.9,6.95,8.15,4.2,1.55,12100,28700,348.5,71.60266101,C
25.9,6.7,8.1,4.4,1.55,17700,36750,354,73.5438855,C
26.25,3,7.6,8.5,2.2,93500,130500,394.5,93.17270907,D
26.25,2.3,7.55,8.95,2.35,128500,281000,402,100.3081522,E
26.25,2.3,8.05,9.3,2.85,62500,115000,518,113.0514312,E
26.25,1.9,7.55,10.1,2.95,109500,149500,526.5,121.8121061,E
26.25,4.1,8.05,4.95,1.35,24100,37000,393,82.13646841,D
26.25,4.45,8.05,4.3,1.35,17350,26150,384.5,79.40601982,D
23.5,6.95,7.95,4.55,0.85,5250,7650,384.5,77.58394288,D
23.5,7.05,7.95,4.55,0.85,4950,7600,379,76.45428995,D
26.5,8.25,8.3,2.85,0.2,1200,2400,408,81.53956586,D
24.5,7,7.35,5.5,,14750,27950,312,64.65956949,C
23.5,7.55,7.55,4.3,,11550,23000,293,60.38151054,C
21,9.9,7.8,3,0.5,13200,17050,300,62.05189433,C
23.5,7.2,7.4,4.7,,7650,20700,1284,255.82369,E
25.5,7.3,7.3,4.75,,9650,21150,310,63.46696053,C
25,8.7,7.75,1.9,0.295,8600,18050,273,55.94340388,C
23.75,8.85,8.25,2.05,0.45,350,1250,244,48.96968952,B
23.75,8.55,8.3,2.65,0.4,1350,2850,261,52.49819973,C
23.5,7.2,7.6,2.2,0.25,9600,30400,498,100.5934422,E
19.5,7.35,7.25,2.25,0.2,2650,7950,462.5,92.45704224,D
25.5,7.1,7.65,3.8,0.3,15000,83400,278.5,58.21066773,C
30.5,6.75,7.6,3.65,0.2,14850,54500,346,71.43701282,C
26,2.8,6.95,7,0.7,11700,85500,564.5,114.3309968,E
26,3,7.2,5,0.6,11350,83150,251.5,52.2798854,C
25,2.2,7.2,16.4,2.15,27850,85500,690.5,142.1536776,E
25,2.55,7.2,16.3,2.05,32500,91000,687.5,142.2617787,E
24.5,8.25,8,1.6,0.55,11550,80700,236,49.25695277,B
28,8.5,8.15,2.1,0.55,28200,49050,308,65.90611328,C
24,7.95,7.8,1.9,0.25,8890,47350,401.5,81.4674044,D
24.5,4,7.4,3.7,0.35,14225,81650,374.5,76.98386184,D
25.5,4.95,7.4,3.5,0.25,7465,27700,438.5,88.48941666,D
27,7,7.7,2.2,0.35,9350,22150,337,68.69932091,C
27.5,7.85,7.9,2,0.35,5680,14550,322,65.18804983,C
26,6.7,7.8,2.05,0.45,11700,21000,472.5,95.84093304,D
26,4.65,7.3,5.15,0.7,14090,85500,418.5,85.79052087,D
26.5,7.6,7.5,1.2,,,,,0.524595241,A
26.5,9,7.7,2.75,0.55,3750,6500,289.5,58.52341146,C
28,8.3,7.7,2.45,0.6,6250,12050,281.5,57.30403722,C
28,9,7.85,2.45,0.5,4460,9200,423.5,85.13300221,D
26,7.35,7.7,3.7,0.55,11400,83500,670.5,135.2459612,E
26.5,8.6,7.9,2.55,0.55,6955,18200,350.5,71.08534051,C
27.25,8.6,7.85,2.35,0.55,2650,6850,353.5,70.99909851,C
27.75,9.1,7.9,2,0.5,6050,18150,261,53.23755944,C
27.25,8.6,7.7,2.45,0.55,2000,6750,353.5,70.90275818,C
27.5,8.4,7.9,2.55,0.55,3500,28350,372.5,74.95347538,C
28.25,8.7,7.85,2.8,0.5,2350,7650,355.5,71.37185983,C
27.5,4.1,7.7,3.65,0.45,154500,458000,481.5,120.0862826,E
28.5,2.25,7.8,3.8,0.55,150550,451500,477.5,118.6588326,E
26.75,8.35,7.95,2.8,0.55,3200,6050,343,69.01405218,C
27,6.95,7.7,3.6,0.3,18200,88500,448.5,92.31895396,D
27,7.15,7.7,4.2,0.3,46200,90500,546,115.7853381,E
27.5,6.95,7.7,3.65,0.5,251000,452000,417,121.6766298,E
28.5,6.4,7.6,2.2,1.15,7200,20500,3413,676.8793442,E
27,6.5,7.4,2.55,1.65,9600,22000,1217.5,243.0152299,E
21,7.15,7.55,1.65,1.55,700,2330,131.5,26.78439565,B
22.5,6.7,7.3,1.3,0.8,180.9,615,151.5,30.55869672,B
24,7.55,7.3,1.75,1.45,900,2510,162,32.85422856,B
25,7.35,7.7,1.8,1.7,930,2550,128,26.16597424,B
26,5.9,7.75,1.4,1.15,550.9,2510,136,27.58746229,B
27,7.8,7.9,1.55,1.45,930,2750,124,25.3646028,B
27,7.7,7.55,1.7,2,515,1400,123,25.14637631,B
24.5,7.8,7.5,1.75,1.55,700,1760,127,25.9219819,B
29,5.75,7.6,1.55,1.2,1150,2800,140.5,28.57688013,B
21.5,5,7.75,2,1.4,460.9,1350.9,131.5,26.69231607,B
23,7.55,7.6,1.6,1.15,750,2110,106,21.72532056,A
25.5,6.8,7.05,1.95,1.3,900,1900,52,11.06405569,A
22,4.75,7.35,3.65,1.7,1360,4610,188,38.09068821,B
24.5,6.95,7.35,1.35,1.75,515,900,171,34.56946104,B
24,6.7,7.15,1.35,1.05,605,1200,183,36.8789237,B
23,7,7.4,1.3,1,330,850,125.5,25.46941316,B
29.5,4.45,7.15,1.95,1.35,330,7180,31.5,6.891313452,A
23.5,5.9,7.15,1.65,1.7,515,900,166.5,33.6497934,B
23,7.4,7.4,2.05,1.45,515,1580,118.5,24.19832599,A
25,4.45,5.7,1.7,1.3,330,805,163,32.8191762,B
24,5.9,7.75,1.8,1.25,1150,2115,89,18.39914755,A
22,2.3,6.7,2.3,1.5,730,2800,132,26.75441475,B
26,6.25,7.3,3.1,2.8,930,2300,126.5,25.98486231,B
29,5.3,7.3,2.05,1.55,900,1900,115.5,23.62447691,A
22.5,5.45,7.15,2.1,1.3,545,1300,96,19.67666159,A
23.5,5.5,6.95,2.05,1.2,545,2450,117,23.82123963,A
26,6.45,7.4,2,1.55,535,700,149.5,30.3180352,B
23.5,6.5,7.15,1,1.05,300,605,63,13.07422703,A
27,7.3,7.55,2.1,1.05,605,1750,84.5,17.46242295,A
27,7.25,7.75,1.65,0.65,48,117,429.5,85.5655961,D
27.5,1.7,7.7,27,0.25,175.5,1135,2096,416.0789422,E
27.5,6.75,7.95,7.55,0.85,61.5,380,668.5,133.0976285,E
27.5,6.7,7.85,2.5,1.25,64.5,222,692.5,137.6697825,E
27.5,7.6,7.25,0.85,0.2,1.9,47.5,452,89.93232762,D
27.5,0.8,7.95,123.5,0.39,366.5,1025,2278.5,456.1776881,E
28,7.3,8,1.85,0.65,71,270,328,65.51098198,C
30.5,,7.5,32.5,0.35,410,5700,1959.5,389.3172014,E
28,7,8.35,1.4,0.3,10.5,71,245,49.03345025,B
27,7.35,8.05,0.95,0.1,2.9,24.5,375.5,74.80810591,C
20.4,7.4,7.8,1.55,0.85,5.9,43,284,56.78297677,C
18.6,7.45,7.75,1.6,0.95,7.4,47.5,1280,253.8031526,E
23,6.85,7.85,1.8,0.45,9.9,51.5,244.5,48.93551543,B
22.5,7.65,8.2,1.1,0.445,1.8,42,246.5,49.33120149,B
22.5,7.5,8.2,1.3,0.85,1.8,39.5,352.5,70.33998169,C
23,7.75,8.15,1.2,0.65,1.8,40.5,313.5,62.60988459,C
20.25,7.7,7.8,1.45,0.8,6.4,43,259,51.83730326,C
25,8.4,8,1.65,2.3,10,317,933.5,185.4410995,E
23,7.45,8.3,1,0.7,1.8,44,309.5,61.81056201,C
24.5,8,8,2.15,2.715,25.5,1235,1025,203.5918835,E
25,8.65,8,2.15,8,56,1105,332,67.02740877,C
22.5,7.1,8.25,1.1,0.95,9.9,41.5,298.5,59.65083017,C
22.5,7.35,8.2,1.2,0.75,1.8,43.5,343,68.44322866,C
20.15,7.6,7.75,1.45,0.8,1.8,,281,56.18380094,C
20.05,7.15,7.95,1.5,0.7,3.9,25,1545,306.1935707,E
18.6,7.5,7.75,1.6,0.7,5.4,39,302.5,60.42765041,C
18.7,7.5,7.7,1.6,0.9,7.9,45,325,64.89609231,C
25.5,7.5,7.75,1.6,0.6,1.8,44,404,80.51133321,D
24.5,8.5,8.2,1.75,2.25,32.4,1081.5,255,51.2431362,C
25.6,5.7,7.85,1.6,1.1,9.9,39,399,79.5219365,D
18.95,7.4,7.75,1.75,0.95,6.4,45.5,353,70.44429218,C
19.05,7,7.65,2,0.9,6.4,41,2252,446.0660539,E
23.5,7.1,8.1,1,0.8,1.8,41,337.5,67.34437142,C
28,6.95,7.85,0.37,0.115,25,56,281.5,56.18119136,C
28,6.9,7.95,0.6,0.15,23,55.5,274,54.71131534,C
25,7.4,7.7,0.55,0.5,15,121.5,286,57.11477523,C
28,6.75,7.9,0.7,,27,70,1572.5,311.5451069,E
28.5,6.5,7.95,0.9,,79.5,280,9272,1834.54911,E
17.8,61.85,7.42,1.2,0.033,,,71,68.94646259,C
18.1,61.8,7.67,1.2,0.033,,,79,68.96114015,C
17.8,62.4,7.63,1.2,0.033,,,78,68.99717432,C
20.1,66.05,7.33,1.2,0.033,,,76,69.44972487,C
20.5,65.95,7.39,1.2,0.066,,,81,68.80680787,C
20.8,63.15,8.1,1.2,0.033,,,81,69.03691087,C
8.9,54.1,6.89,1.2,0.069,,,69,92.76972371,D
9.7,54,6.89,1.2,0.068,,,77,92.83388666,D
9.5,54.6,7.06,1.2,0.067,,,84,67.84504702,C
7.5,53.75,6.83,1.2,0.133,,,88,66.79467923,C
8.4,54.15,6.83,1.2,0.111,,,82,67.20977335,C
7.6,53.7,6.82,1.2,0.113,,,85,67.14942317,C
6.6,53.9,7.18,1.4,0.033,,,106,68.46192922,C
6.4,53.35,6.88,1.2,0.04,,,159,93.34678942,D
6.3,53.4,7.23,1.1,0.039,,,144,68.29380032,C
11.3,59.8,6.98,1.2,0.08,,,102,68.24274851,C
12.8,62.5,6.99,1.2,0.099,,,99,68.10676441,C
11.6,61,6.95,1.2,0.129,,,99,67.54224754,C
13.3,58.55,7.24,1.2,0.052,,,101,68.59431415,C
13.7,58.5,7.1,1.2,0.058,,,93,68.51269315,C
13.4,58,7.15,1.2,0.051,,,99,68.58603015,C
17.4,55.9,7.23,1.2,0.025,,,98,91.97217715,D
16.3,52.7,7.08,1.2,0.041,,,92,93.18570735,D
14.3,55.05,7.23,1.2,0.033,,,93,93.5116371,D
16.2,62.6,7.14,1.2,0.033,,,75,69.04067945,C
15.8,57.7,7.02,1.2,0.033,,,73,68.60498724,C
16.1,60.4,7.04,1.2,0.023,,,73,68.94014234,C
17.7,58.5,7.24,1.2,0.033,,,77,68.69662308,C
18.1,61.7,6.99,1.2,0.033,,,74,68.96953479,C
17.6,56.9,7.12,1.2,0.033,,,74,68.57325226,C
15.8,48.35,7.02,1.2,0.048,,,72,67.51286081,C
15,53.4,6.93,1.2,0.033,,,74,68.26980874,C
15.1,50.05,6.86,1.2,0.094,,,69,66.83291868,C
12.8,50.75,7.03,1.2,0.055,,,79,67.65773095,C
10.7,54.9,6.86,1.2,0.046,,,73,68.24770592,C
12.7,53.05,7.08,1.2,0.065,,,68,80.11664795,D
8.1,46.4,6.71,1.2,0.068,,,61,88.54463143,D
8.3,46.9,6.69,1.2,0.075,,,63,86.71361617,D
8.5,44.7,6.79,1.2,0.068,,,60,90.20428007,D
6.3,52.85,6.94,1.2,0.062,,,74,67.84352783,C
6.3,53.45,6.9,1.2,0.063,,,75,67.91722223,C
6.5,52.8,6.95,1.2,0.023,,,71,68.52240671,C
9.3,57.4,6.7,1.2,0.022,,,356,68.93995774,C
9.4,59,6.9,1.2,0.018,,,356,69.19775269,C
15.2,55.55,7.51,2.3,0.044,,,69,68.19742357,C
14.5,50.1,7.05,2.4,0.046,,,57,67.66165523,C
14.9,53.4,7.19,1.7,0.03,,,68,68.35268846,C
16.2,58.3,7,2.7,0.035,,,62,68.54564877,C
15.8,59.3,6.75,1.6,0.025,,,52,68.83903841,C
15.9,56.7,6.92,1.6,0.04,,,56,68.36376607,C
13.9,44.7,6.92,2.1,0.048,,,61,67.26304237,C
13,41.95,6.82,1.3,0.025,,,67,67.59616649,C
13.4,47.45,6.87,2,0.037,,,54,67.71760396,C
7.4,46.95,6.94,1.2,0.024,,,64,67.95672042,C
7.6,45.1,7.17,1.2,0.049,,,64,67.33325106,C
7.1,45.95,7.05,1.1,0.027,,,62,67.82532875,C
20.3,63.8,6.98,1.2,0.066,,,49,68.50326232,C
18.6,63.4,6.95,1.2,0.079,,,51,68.2998334,C
19.9,62.25,7.01,1.2,0.068,,,49,68.35375982,C
18.9,57.4,7.36,2.4,0.033,,,59,90.01561979,D
17.5,59.6,7.23,3.4,0.033,,,51,68.64990758,C
19.2,59.55,7.04,3.5,0.033,,,53,68.69756108,C
12.8,49.45,7.15,2.3,0.044,,,70,67.77359877,C
12.6,48.85,6.99,1.4,0.042,,,62,67.85220344,C
13,49.35,7.15,2.3,0.04,,,66,67.84796497,C
4.9,54.85,7.02,1.2,0.033,,,55,86.34674564,D
4.8,54.55,6.87,1.2,0.02,,,54,83.00070338,D
4.9,54.95,6.67,1.2,0.03,,,55,81.08576615,D
7.8,52.7,6.83,1.2,0.028,,,72,68.52535093,C
7.8,52.7,6.78,1.2,0.024,,,68,68.60617143,C
8,52.95,6.76,1.2,0.025,,,69,68.61310692,C
9.8,56.8,7.08,1.2,0.034,,,74,68.74940684,C
9.7,57.9,7.06,1.2,0.033,,,73,68.8976467,C
9.8,56.2,7.01,1.2,0.033,,,71,68.75222772,C
12.1,54,7,1.3,0.033,,,67,68.46120972,C
12.3,54.6,6.99,1.2,0.033,,,61,68.50743875,C
12.2,53.5,6.9,1.5,0.033,,,62,86.2474421,D
12.5,50.6,7.51,2.3,0.051,,,62,67.30061116,C
12.6,51.75,7.24,1.3,0.02,,,55,68.49290371,C
12.2,51.25,7.13,2.5,0.039,,,59,68.06745105,C
15.3,56.65,7.35,2.1,0.028,,,70,68.614767,C
15.5,56.1,7.41,2.1,0.027,,,69,68.67517874,C
15.8,54.95,7.37,2,0.033,,,68,68.46081424,C
15.7,56.05,7.3,1.9,0.033,,,66,68.56057844,C
15.9,54.95,7.32,2.4,0.033,,,64,68.441635,C
18.2,55.8,7.43,1.2,0.033,,,70,68.53250014,C
17.5,56.1,7.52,1.3,0.033,,,69,68.53707058,C
17.8,55.85,7.48,1.2,0.033,,,68,68.51649206,C
13.9,52.05,7.34,1.6,0.033,,,71,93.1544962,D
13.7,51.95,7.32,1.3,0.021,,,96,68.3848954,C
13.8,51.85,7.18,1.6,0.033,,,118,68.17415575,C
15.9,101.8,7.2,1.2,0.04,,,69,71.95623365,C
15.5,98,7,1.2,0.03,,,68,72.0200304,C
15.6,99.6,7,1.2,0.04,,,68,71.97545737,C
10.6,90.4,7,1.2,0.03,,,61,71.32428716,C
10.6,87.1,6.9,1.2,0.04,,,61,70.8633229,C
10.5,88.4,6.8,1.2,0.03,,,63,71.20397523,C
7.9,92.1,7,1.2,0.04,,,70,71.45966109,C
8,91.8,6.9,1.2,0.05,,,75,71.2961107,C
7.9,91.4,6.8,1.2,0.03,,,69,71.77158998,C
13.6,46.95,6.9,1.2,0.04,,,76,67.71404241,C
9.5,47.5,6.7,1.2,0.036,,,74,67.59406276,C
9.5,47.25,6.7,1.2,0.046,,,71,67.42797332,C
9.5,48.25,6.7,1.2,0.034,,,70,67.70420359,C
8.5,46.9,6.8,1.2,0.044,,,76,67.47119897,C
8.3,48.7,6.7,1.2,0.04,,,71,67.7585564,C
8.6,46.95,6.8,1.2,0.04,,,72,67.58056684,C
12.8,47.55,7.1,1.2,0.04,,,71,83.56938721,D
7.2,57.66,6.61,1.2,0.008,,,356,85.47851372,D
8.7,58.45,6.9,2.9,0,,,356,85.6116751,D
11.9,56.04,5.84,1.35,0.047,,,356,88.18329411,D
10.5,56.36,6.57,1.2,0.008,,,356,96.13586155,D
8.2,58.65,6.9,1,0.025,,,356,90.56220161,D
6.4,56.285,7.33,1,0,,,356,99.77229749,D
11.3,56.3,6.46,0.8,0,,,356,96.3158363,D
10.7,54.87,7.14,1.3,0.002,,,356,90.5981306,D
12.3,55.25,6.97,1.2,0.017,,,356,84.70678133,D
14.1,54.4,7.21,1.9,0.011,,,356,84.49729569,D
10.6,54.575,6.66,2.8,0.016,,,356,88.2268639,D
10.3,54.87,6.6,0.9,0,,,356,90.4735029,D
5.2,54.285,6.87,1.3,0,,,356,88.90916151,D
10.1,55.155,7.43,1,0.004,,,356,94.05931167,D
13.6,54.075,6.99,0.8,0.008,,,356,81.15579425,D
11.4,54.51,6.56,1,0.002,,,356,94.14840129,D
5.4,55.705,6.87,1.3,0.004,,,356,92.55725402,D
10.2,55.14,6.91,0.7,0.004,,,356,99.66517265,D
8,55.36,6.58,1.6,0.008,,,356,83.1521348,D
6,56.2,6.68,1.3,0.008,,,356,97.77857999,D
4.8,53.7,6.67,1.4,0.01,,,356,95.85603403,D
9.2,54.815,6.89,0.7,0.017,,,356,97.59695064,D
12.6,55.115,7.14,0.4,0.013,,,356,97.43483469,D
11.4,53.45,7.05,1.2,0.004,,,356,88.3993398,D
10.9,55.965,6.83,0.8,0.009,,,356,92.26404141,D
9,56.31,6.76,0.7,0.006,,,356,97.88857183,D
7.9,55.855,6.71,0.6,0.006,,,356,88.82749074,D
8.5,53.345,6.27,0.6,0.007,,,356,97.66243713,D
13.6,54.1,6.45,0.3,0.019,,,356,93.86098411,D
10.5,55.65,6.17,0.6,0.01,,,356,92.52048087,D
5.6,54.6,6.52,0.5,0.005,,,356,94.24767716,D
7.4,53.61,6.49,0.4,0.014,,,356,92.20361632,D
7.4,56.355,7.25,0.5,0.016,,,356,92.24339644,D
11.8,54,6.18,1.3,0.017,,,356,97.21951892,D
9.2,55.18,6.13,0.58,0.004,,,356,97.90851425,D
7.3,56.15,6.09,0.38,0.006,,,356,90.95419462,D
7,54.505,6.23,0.38,0.024,,,356,95.91205951,D
9.3,51.83,6.22,0.6,0.008,,,356,95.50437384,D
11.8,51.5,6.18,0.4,0.005,,,356,94.08326582,D
8.6,54.395,6.04,0.6,0.014,,,356,95.73819476,D
6.7,55.275,6.34,0.7,0.004,,,356,95.68623376,D
4.9,56.145,6.36,0.8,0.008,,,356,97.89094932,D
6.1,55.42,6.26,0.6,0.004,,,356,92.51698631,D
10.7,55.385,6.16,0.6,0.009,,,356,95.97614994,D
7.3,54.8,6.5,1.2,0.033,,,83,68.70664366,C
9,54.6,6.4,1.2,0.033,,,81,68.78550167,C
9.9,56.75,6.8,1.2,0.033,,,85,68.79057755,C
11.7,55.45,6.7,1.2,0.033,,,79,68.74335967,C
13.2,54.15,6.4,1.2,0.033,,,68,67.963905,C
6.9,54.95,7,1.2,0.033,,,82,68.70365368,C
8.8,60.8,6.8,1.2,0.033,,,82,69.2120604,C
10.1,57.3,7.1,1.2,0.033,,,86,31.39342399,B
12.5,55.3,7.1,1.2,0.024,,,82,68.79311958,C
13.3,55.75,7,1.2,0.033,,,73,68.42155338,C
4.8,57.55,7,1.2,0.033,,,77,68.64630352,C
5.1,58.6,7,1.2,0.033,,,94,69.02401693,C
9.3,57.4,6.9,1.2,0.033,,,81,68.83852196,C
14.7,60.6,7.2,1.2,0.033,,,152,69.18030302,C
7.3,58.3,6.9,1.2,0.033,,,93,97.39992417,D
6,57.35,6.9,1.2,0.033,,,87,68.86990087,C
5.5,57.4,7,1.2,0.033,,,86,68.73275792,C
7.9,59.8,6.9,1.2,0.033,,,82,69.08707978,C
11.5,59.9,7,1.5,0.033,,,89,69.08295167,C
9.2,56.85,6.9,1.2,0.033,,,84,68.65802338,C
5.4,59.65,6.9,1.2,0.033,,,85,69.09891437,C
9,56.9,7.1,1.2,0.033,,,92,68.81358172,C
8.5,57.5,7.1,1.2,0.033,,,83,68.79885798,C
7.7,56.5,7,1.2,0.033,,,76,68.70075069,C
6,59.05,7,1.2,0.033,,,84,68.9946586,C
5.6,59.65,7.1,1.2,0.033,,,85,69.0714612,C
9.8,57.9,7.2,1.2,0.033,,,86,68.77907491,C
9.4,57.95,7.2,1.2,0.033,,,80,68.91785567,C
9.2,57.9,7.1,1.2,0.043,,,80,68.77657472,C
8.8,58.05,7,1.2,0.033,,,84,68.63916899,C
9.1,58,7.1,1.2,0.033,,,84,68.82893526,C
12.4,56.45,7.1,1.2,0.033,,,86,68.82991269,C
11.7,57.6,7,1.2,0.033,,,73,68.94744161,C
8.1,56.5,6.9,1.2,0.033,,,78,68.79695952,C
9.7,56.25,6.9,1.2,0.033,,,73,68.73056892,C
8.2,55.2,5.67,1.2,0.023,,,356,95.0545051,D
5.6,57.2,6.26,1.4,0.018,,,356,86.26857505,D
9.3,56.8,6.85,1.2,0.009,,,356,92.1477679,D
13.1,56.2,6.24,0.99,0.046,,,356,72.87042133,C
15,52.3,6.31,0.6,0,,,356,93.44716953,D
11.2,57.7,6.32,0.9,0.009,,,356,84.35747321,D
6.2,57.65,6.32,1.9,0.026,,,356,80.77398863,D
6.9,56.65,6.37,1,0.032,,,356,73.13839869,C
5.9,57.35,6.3,1.6,0.033,,,356,91.46007486,D
6.1,56.6,6.63,1.4,0.005,,,356,97.36991069,D
12.3,56.4,6.71,0.7,0,,,356,99.40640461,D
13.9,55.315,7.09,1,0.006,,,356,90.25173976,D
12.7,56.25,5.84,1.7,0.017,,,356,93.29585277,D
14.3,57.2,6.5,1,0.023,,,356,82.24161579,D
15.5,56,6.34,1.1,0.005,,,356,87.2277008,D
10.3,57.8,6.34,1.2,0.027,,,356,82.13084992,D
4.4,57.85,6.46,1.7,0.016,,,356,91.55353665,D
7.4,59.015,6.47,1,0.01,,,356,93.68264358,D
10.7,56.71,6.6,0.7,0,,,356,96.16311334,D
13.8,55.7,6.17,0.8,0.001,,,356,88.15719184,D
11,57.8,6.27,0.8,0.004,,,356,88.26474491,D
1.8,58.65,6.42,1.9,0.017,,,356,94.11327352,D
8.5,56.35,6.89,1.4,0.003,,,356,97.72383514,D
15,54.35,6.4,1.1,0.046,,,356,95.55048702,D
14.2,56.75,5.98,1.1,0,,,356,93.52999821,D
2.4,57.5,6.06,1.6,0.021,,,356,90.00895184,D
4.1,57.7,6.23,1.3,0.011,,,356,93.86557794,D
11.5,56.6,6.43,0.7,0.008,,,356,95.81813396,D
14.7,55.5,6.78,0.9,0.031,,,356,95.07051844,D
12.4,53.5,6.11,2.4,0.015,,,356,88.33081143,D
9.2,56.75,6.31,1.1,0.014,,,356,82.39805644,D
6.9,56.1,6.28,0.6,0.011,,,356,91.68583475,D
8.2,55.55,6.33,0.8,0.007,,,356,91.80488073,D
9.9,56.9,6.33,0.6,0.008,,,356,99.32722982,D
14.5,55.25,6.05,1.2,0.008,,,356,92.4618029,D
11.6,55.05,6,0.6,0.016,,,356,84.86368849,D
7.1,56.65,5.43,0.5,0.036,,,356,89.44336941,D
5.3,57.4,5.6,0.4,0.02,,,356,93.78293509,D
4.4,57.6,5.82,1.2,0.021,,,356,86.24605009,D
4.5,57.1,5.86,0.8,0.019,,,356,84.4376207,D
8.4,56.3,6.12,0.7,0.011,,,356,99.05271099,D
8.3,56.3,6.15,0.6,0.01,,,356,99.09868924,D
17.2,56.37,6.57,0.6,0.014,,,356,90.33903366,D
17.2,55.47,6.53,0.8,0.012,,,356,84.98078783,D
11.5,56.95,5.88,0.91,0,,,356,90.12181884,D
11.4,55.91,6.05,0.99,0,,,356,81.12411473,D
6.3,56.1,6.21,0.7,0.01,,,356,90.00096195,D
6.3,56.6,6.2,0.7,0.024,,,356,84.48942651,D
5.7,56.775,5.86,0.4,0.012,,,356,88.70725056,D
5.7,56.5,5.92,0.3,0.013,,,356,86.76832724,D
5.3,58.135,5.72,0.43,0.008,,,356,85.22585623,D
5.3,58.635,5.83,0.44,0.014,,,356,88.65995755,D
9.8,54.105,5.93,0.6,0.002,,,356,95.51907677,D
9.9,56.02,6.04,0.6,0.012,,,356,93.7017943,D
13.6,54.05,5.74,0.9,0.018,,,356,63.14950372,C
13.3,53.55,5.65,1,0.012,,,356,70.37312866,C
13.4,56.44,5.62,0.8,0.009,,,356,93.45150439,D
13.4,56.04,5.72,0.6,0.017,,,356,89.77965353,D
8.4,55.45,5.78,1,0.015,,,356,96.80664153,D
8.5,56.35,6.06,0.8,0.016,,,356,96.78283387,D
4.8,56.615,5.57,0.7,0.01,,,356,88.13520768,D
4.8,56.575,5.69,0.7,0.015,,,356,89.81162747,D
4.6,57.185,6.01,0.7,0.007,,,356,95.4846121,D
4.7,56.735,5.99,0.6,0.011,,,356,97.19713161,D
8,57.4,5.68,0.9,0.003,,,356,91.82033353,D
8.2,57.35,5.77,0.9,0.005,,,356,88.16630542,D
14.6,56.6,5.88,1.4,0.012,,,356,89.4634914,D
14.6,56.05,5.85,1.7,0.029,,,356,87.32655702,D
10.9,56.55,6.69,0.7,0.002,,,356,94.897113,D
11,56.55,6.73,0.8,0.011,,,356,94.76579471,D
9.8,57.94,5.77,1.4,0.019,,,356,83.56254926,D
5.9,58.45,5.8,1.2,0.033,,,44,68.40238844,C
5.2,57.45,6,1.2,0.033,,,50,68.51467287,C
9.7,55.7,6.4,1.2,0.025,,,55,68.3753401,C
13.4,55.15,6.5,1.2,0.033,,,48,68.02005741,C
14.3,55.7,6.2,1.2,0.033,,,40,67.41941404,C
5.2,57,6.4,1.2,0.028,,,52,68.23414002,C
7.2,59.95,6.6,1.2,0.033,,,62,68.63334808,C
10.3,57.3,6.9,1.2,0.065,,,69,67.96906089,C
14.8,55.05,6.6,1.2,0.033,,,47,67.869247,C
14.8,55.6,6.4,1.2,0.033,,,48,67.59602358,C
3.8,56.65,6.8,1.2,0.022,,,61,68.42664371,C
3.9,62.2,6.7,1.2,0.033,,,79,69.01850107,C
10.1,57.3,6.6,1.2,0.033,,,57,68.43011706,C
18,56.35,7.1,1.2,0.026,,,99,68.83078299,C
9.6,55.7,5.9,1.2,0.033,,,54,94.90957047,D
6.1,56.2,6.6,1.2,0.033,,,67,68.17207558,C
5.1,55.8,6.8,1.2,0.033,,,69,67.91165529,C
8.4,57,6.8,1.2,0.028,,,64,68.33437812,C
15.6,55.55,6.9,1.9,0.025,,,70,68.35519429,C
11,46.65,6.4,1.2,0.021,,,51,66.50918163,C
12.1,54.85,7,1.2,0.033,,,70,68.33545717,C
12.1,56.45,7,1.2,0.033,,,65,68.1472848,C
9.3,55.7,6.6,1.2,0.033,,,48,67.60421638,C
7.1,58.85,6.8,1.2,0.033,,,62,68.53645253,C
7.8,57.1,7.1,1.2,0.033,,,64,68.38717953,C
14.4,56.2,7.2,1.2,0.033,,,70,68.3544808,C
14.9,55.6,7,1.2,0.029,,,54,78.94585555,D
10.5,58.4,6.9,1.2,0.033,,,52,68.40001461,C
8.6,60.3,6.8,1.2,0.033,,,54,68.82576741,C
14.4,56.75,6.9,1.2,0.033,,,58,68.4359362,C
12.3,57.05,6.8,1.2,0.033,,,56,68.45951163,C
9.3,56.85,6.4,1.2,0.033,,,49,68.11829409,C
8.2,64.95,6.6,1.2,0.033,,,55,68.96643021,C
12,110,6.8,1.2,0.033,,,384,72.98839344,C
11.5,61,6.3,1.2,0.033,,,310,54.67006059,C
11,56,6,1.2,0.033,,,115,68.60801661,C
11.5,25,7.9,1.2,0.033,,,374,65.6048159,C
11,61,6.9,1.2,0.033,,,343,68.8313738,C
11.7,62,9.8,1.2,0.033,,,374,68.39062388,C
10.6,54.9,6.8,1.2,0.033,,,335,54.05248156,C
11.1,15,8.1,1.2,0.033,,,572,64.70004681,C
14.1,54.9,7.5,1.2,0.402,,,212,17.03644461,A
11.3,80,6.9,1.2,0.033,,,300,49.02529303,B
11.9,54,7,1.2,0.033,,,113,68.25173403,C
12.1,54.9,7.2,1.2,0.499,,,550,21.0624632,A
10.8,54.9,7.7,1.2,0.062,,,577,67.62968415,C
11.3,12,8,1.2,0.033,,,380,64.48659412,C
11.5,56,6.8,1.2,0.033,,,297,68.43526979,C
10.5,36,9.7,1.2,0.033,,,274,66.43734555,C
11,21,7,1.2,0.033,,,336,58.28990108,C
9.5,82,7.5,1.2,0.053,,,224,48.76552404,B
7.7,69,6.2,1.2,0.033,,,277,51.80294863,C
6.5,91,6,1.2,0.033,,,110,71.56974451,C
9.8,19,7.5,1.2,0.033,,,523,31.66293808,B
7.6,27,8.3,1.2,0.033,,,380,65.69507484,C
9.1,75,7.1,1.2,0.033,,,237,69.99313477,C
9.1,73,6.8,1.2,0.033,,,216,69.88124713,C
8.6,22,9.4,1.2,0.033,,,271,65.08733547,C
7.6,27,6.3,1.2,0.033,,,174,66.09488282,C
8.6,54.9,6.3,1.2,0.033,,,180,68.88370328,C
9.6,54.9,7.1,1.2,0.033,,,339,73.6320868,C
3.1,95,7.6,1.2,0.028,,,213,72.10971966,C
11,69,6.1,1.2,0.033,,,267,55.80244824,C
7.7,36,6.3,1.2,0.033,,,100,67.13203501,C
9.6,50.5,6.9,1.2,0.033,,,291,68.40108526,C
8.8,50,6.6,1.2,0.033,,,235,68.42426918,C
10.6,61,9.5,1.2,0.033,,,301,68.79863583,C
9.1,46,7.5,1.2,0.033,,,590,67.73190021,C
9.6,54,8.1,1.2,0.033,,,593,68.40958278,C
9.6,32,8,1.2,0.033,,,393,66.58984185,C
8.6,54.9,6.3,1.2,0.033,,,174,68.86488573,C
11.1,38,6,1.2,0.033,,,284,45.648564,B
10,53,6.5,1.2,0.033,,,112,68.61787139,C
11.3,0,7.4,1.2,0.033,,,517,56.7953745,C
11,45,6.6,1.2,0.033,,,263,67.95972909,C
11,41.5,6.5,1.2,0.033,,,217,67.5091928,C
10.3,18,9,1.2,0.033,,,281,65.24737467,C
10.4,54.9,6.2,1.2,0.033,,,155,68.87261102,C
10.1,54.9,6.9,1.2,0.033,,,336,72.32943631,C
13.2,48,7.4,1.2,0.033,,,230,69.66175075,C
11.1,28.5,6.4,1.2,0.033,,,288,51.9083854,C
11.2,33.5,6.3,1.2,0.033,,,122,67.07305476,C
13.4,54.9,7.2,1.2,0.169,,,545,41.19774743,B
11.1,0,7.9,1.2,0.033,,,402,63.89654236,C
11.2,37,6.6,1.2,0.033,,,275,70.43115809,C
12.4,46,6.5,1.2,0.033,,,213,67.73473361,C
10.2,15,9.1,1.2,0.033,,,294,64.82887942,C
11.8,1,6,1.2,0.033,,,163,64.20889986,C
10.4,54.9,6.9,1.2,0.033,,,354,61.04956979,C
12.9,41.5,7.4,1.2,0.267,,,234,47.16212127,B
11.1,28.3,6.2,1.2,0.033,,,290,41.21756024,B
11,34.4,6,1.2,0.033,,,112,66.78198299,C
10.3,8.9,7.3,1.2,0.028,,,602,43.43006591,B
10.8,0.7,7.7,1.2,0.033,,,666,47.90720679,B
9.2,0.1,7.9,1.2,0.033,,,445,63.94050607,C
9.1,37.35,6.7,1.2,0.033,,,317,67.31566777,C
10.1,40.05,6.4,1.2,0.033,,,299,67.59136049,C
9.6,13.35,9.1,1.2,0.033,,,320,64.85680005,C
9.4,0.5,6,1.2,0.033,,,184,64.33409611,C
9.5,0.4,6.8,1.2,0.033,,,390,55.24377009,C
11.1,34.4,6.2,1.2,0.033,,,290,43.51848517,B
8.7,41.3,6,1.2,0.033,,,114,67.75724129,C
9.4,15.55,7.5,1.2,0.033,,,537,40.20441,B
9.8,43.95,6.8,1.2,0.033,,,283,53.1392448,C
9.1,46.85,6.6,1.2,0.027,,,252,64.69006831,C
9.7,15.6,7.2,1.2,0.033,,,345,36.37101759,B
7.7,49.8,7.3,1.2,0.071,,,224,24.4523487,A
11.4,34.35,6.2,1.2,0.033,,,314,41.72825384,B
10.6,35,6.3,1.2,0.033,,,111,66.77668474,C
10.4,7.25,7.3,1.2,0.027,,,591,71.80700369,C
10.4,0.5,7.5,1.2,0.037,,,665,63.94399763,C
10.4,0.1,8,1.2,0.033,,,438,63.91716865,C
10.5,40,6.8,1.2,0.033,,,311,72.83157843,C
10.8,43.35,6.7,1.2,0.033,,,195,67.78760956,C
10.2,14.45,8.5,1.2,0.033,,,316,64.99270572,C
9.9,0.3,6,1.2,0.042,,,182,64.0111584,C
10.2,0.1,6.9,1.2,0.053,,,368,47.64349241,B
11.5,44.9,7.2,1.2,0.106,,,232,25.09273367,B
11.5,27.15,7.1,1.2,0.033,,,114,66.39789762,C
13,21,7.4,1.2,0.029,,,553,51.465793,C
12.9,19.35,7.8,1.2,0.033,,,617,29.80745639,B
13,19.35,7.8,1.2,0.033,,,420,53.04397389,C
11.3,38.85,6.7,1.2,0.033,,,285,67.19626158,C
12.2,31.55,6.5,1.2,0.033,,,219,66.80225252,C
11.3,12.2,8.4,1.2,0.033,,,313,64.79789284,C
11.3,38.85,6.7,1.2,0.033,,,285,67.19626158,C
11.5,0.2,6.1,1.2,0.033,,,193,63.50675402,C
11.5,0.2,6.8,1.2,0.033,,,380,56.97719071,C
10.2,28.95,6.2,1.2,0.033,,,119,66.28342367,C
11.3,28.8,6.7,1.2,0.033,,,294,48.74137876,B
10.3,0.5,7.1,1.2,0.033,,,571,64.03813331,C
10.2,0.4,7.2,1.2,0.033,,,580,63.62356643,C
10.2,0.5,7.4,1.2,0.033,,,400,63.96493738,C
10,38.4,7.1,1.2,0.033,,,282,72.57187588,C
8.7,43.55,7,1.2,0.033,,,232,67.70054482,C
10.1,14.15,7.4,1.2,0.033,,,303,65.06179424,C
9.8,0.3,6.6,1.2,0.202,,,187,30.82612491,B
9.1,0.4,6.2,1.2,0.033,,,199,64.26169161,C
9.7,0.3,6.8,1.2,0.033,,,363,49.77721029,B
7.1,5.65,7.3,1.2,0.033,,,174,64.1532258,C
11.2,29.4,6.3,1.2,0.033,,,291,32.3666218,B
8,39.15,6.6,1.2,0.033,,,121,67.07414479,C
9.6,6.7,7.5,1.2,0.033,,,564,64.34851152,C
9.5,7.25,7.5,1.2,0.033,,,582,68.05427329,C
9.5,0.2,7.8,1.2,0.033,,,407,63.92186966,C
9.7,39.5,7.3,1.2,0.033,,,297,67.35867967,C
8.1,45.85,7.1,1.2,0.033,,,193,67.93465454,C
10.1,0.9,8.3,1.2,0.033,,,312,63.89298592,C
7.8,0.6,7.2,1.2,0.033,,,204,64.1129697,C
9.2,0.2,7.3,1.2,0.033,,,375,55.13019135,C
7.6,43.1,7.1,1.2,0.033,,,205,66.63856493,C
5.3,51.25,7.7,1.2,0.038,,,217,68.15788157,C
11.3,31.65,6.4,1.2,0.033,,,285,41.86465809,B
11,32.15,7.2,1.2,0.033,,,546,66.72653913,C
11.3,13.3,7.7,1.2,0.033,,,356,72.17188249,C
11.8,0.7,7.6,1.2,0.133,,,356,62.05837177,C
11.4,0.7,7.7,1.2,0.033,,,356,63.94798663,C
11,39.4,7.1,1.2,0.033,,,356,74.46657244,C
10.7,46.1,6.4,1.2,0.033,,,356,68.02402526,C
11.5,12.25,8.4,1.2,0.033,,,356,64.78915893,C
10.5,0.6,6.1,1.2,0.026,,,356,64.40425434,C
10.6,0.8,7.1,1.2,0.033,,,356,55.14105698,C
13.3,52.45,7.6,1.2,0.033,,,356,37.80865551,B
11.2,31.6,6.2,1.2,0.033,,,292,45.51189493,B
11.5,28.85,6.1,1.2,0.033,,,111,66.72634461,C
11.1,0.2,7.4,1.2,0.035,,,585,67.52685077,C
11.1,0.2,7.7,1.2,0.033,,,407,63.53710837,C
10.7,33.3,6.9,1.2,0.033,,,311,66.90545659,C
11.9,52.6,6.4,1.2,0.033,,,184,68.64522366,C
10.5,19.45,8.5,1.2,0.033,,,306,65.43315038,C
11.2,0.2,6,1.2,0.033,,,203,64.28042236,C
10.6,0.4,7,1.2,0.033,,,370,49.81152288,B
9.4,56.25,7.4,1.2,0.033,,,230,70.43885034,C
10.1,46.2,5.9,1.2,0.032,,,105,78.94245851,D
10.9,15,7.7,1.2,0.033,,,587,66.96603352,C
11.6,0.2,7.3,1.2,0.043,,,552,63.44338309,C
11.7,0.3,7.7,1.2,0.033,,,407,78.23959643,D
11,41.6,7.1,1.2,0.033,,,300,83.5723461,D
11.3,46.6,6.4,1.2,0.033,,,208,68.06094608,C
10.8,25.7,8.5,1.2,0.033,,,297,64.97272194,C
10.7,0.6,6.2,1.2,0.26,,,244,60.0888421,C
10.3,0.4,5.8,1.2,0.033,,,226,64.33596153,C
10.5,0.4,7.1,1.2,0.033,,,412,51.52029291,C
12.6,49.8,7.5,1.2,0.033,,,217,56.94437604,C
11.3,37.15,6.3,1.2,0.033,,,315,51.28107221,C
11.4,38.8,5.9,1.2,0.033,,,111,83.40588562,D
13.2,0.1,7.2,1.2,0.02,,,541,73.13375591,C
11.7,0.2,7.6,1.2,0.024,,,588,58.65078439,C
11.6,0.2,7.8,1.2,0.033,,,408,63.89784006,C
11.2,33.8,7.3,1.2,0.033,,,326,66.72685699,C
11,18.3,8.3,1.2,0.033,,,299,40.07187094,B
11.6,0.2,6,1.2,0.23,,,213,60.7531866,C
10.9,0.2,7.1,1.2,0.033,,,400,45.78968954,B
9.8,51.2,7.7,1.2,0.022,,,211,28.85035199,B
11.3,27.75,6.1,1.2,0.033,,,286,46.99252973,B
11.1,32.75,6,1.2,0.033,,,105,77.79940671,D
10.9,0.6,7.2,1.2,0.13,,,551,78.39955104,D
10.5,0.6,7.8,1.2,0.033,,,403,63.55367881,C
10.5,42.8,6.8,1.2,0.033,,,265,67.325055,C
10.8,48,6.6,1.2,0.033,,,194,67.81065993,C
10.1,13.95,8.3,1.2,0.033,,,307,66.39125774,C
10.1,1.1,6,1.2,0.033,,,230,63.95690485,C
9.9,0.5,7.2,1.2,0.033,,,400,65.43567446,C
9.2,1,5.9,1.2,2,,,276,29.12056079,B
11.2,32.75,6.2,1.2,0.033,,,271,52.30650676,C
8.6,39.65,5.9,1.2,0.033,,,109,67.24793501,C
10.3,53.35,7,1.2,0.033,,,264,78.88930109,D
9.7,50.7,6.5,1.2,0.033,,,200,68.05710799,C
9,1.65,6,1.2,0.033,,,256,80.4688591,D
10,1.65,7.2,1.2,0.033,,,407,56.60302918,C
12.2,57.05,7.4,1.2,0.033,,,209,68.42196085,C
9.9,25.6,7.6,1.2,0.033,,,510,60.6027602,C
10,3.3,7.9,1.2,0.033,,,393,76.25688777,D
9.5,47.9,6.7,1.2,0.033,,,172,43.86249722,B
11.3,32.75,6.2,1.2,0.033,,,270,34.4546819,B
10,32.85,6,1.2,0.028,,,111,57.81615104,C
11.1,52.15,8.1,1.2,0.033,,,314,73.22070804,C
11.3,20.55,8.1,1.2,0.033,,,314,66.98410034,C
9.9,5,6.1,1.2,0.033,,,236,64.26488472,C
10.4,3.35,7.2,1.2,0.033,,,399,57.17944705,C
14.2,51.85,7.4,1.2,0.04,,,310,43.15030425,B
10.7,19.4,7.8,1.2,0.033,,,568,29.41502993,B
10.7,2.75,7.8,1.2,0.022,,,389,67.49838612,C
11.3,31.65,6.6,1.2,0.033,,,276,30.71688522,B
11.1,31.05,6.5,1.2,0.02,,,107,73.77866979,C
11.8,3.35,7.3,1.2,0.036,,,531,46.37477511,B
11,2.8,7.6,1.2,0.035,,,584,53.00472582,C
10.8,2.2,7.8,1.2,0.033,,,416,76.18102149,D
10.9,41.1,6.9,1.2,0.033,,,253,70.73381134,C
10.7,7.8,8.2,1.2,0.033,,,324,51.60499971,C
11,4.45,6,1.2,0.033,,,233,74.94882108,C
11.5,5.55,7.2,1.2,0.033,,,423,33.72296702,B
11.2,31,6.2,1.2,0.033,,,272,30.73774508,B
8.4,34.1,6.3,1.2,0.033,,,101,73.8454052,C
10.5,13.35,7.7,1.2,0.033,,,589,0.362201112,A
8,19.5,7.5,1.2,0.033,,,524,42.38251985,B
10.4,3.3,7.7,1.2,0.061,,,416,57.94293409,C
9.8,44.5,6.8,1.2,0.033,,,275,69.25339958,C
8.5,52.5,5.6,1.2,0.033,,,172,68.38298155,C
10.2,2.2,8,1.2,0.033,,,337,20.82034105,A
9,5.05,6.1,1.2,0.033,,,231,64.27203573,C
10,7.2,7.3,1.2,0.033,,,431,44.55672763,B
7.7,5.05,6.4,1.2,2,,,309,17.1775781,A
